title, Price 

            The Personal MBA: Master the Art of Business
        ,price$0.00

            English Grammar in Use Book with Answers: A Self-study Reference and Practice Book for Intermediate Learners of English
        ,price$33.45

            (ISC)2 CISSP Certified Information Systems Security Professional Official Study Guide & Practice Tests Bundle
        ,price$92.90

            ITIL® 4 Foundation: The Definitive Guide for ITIL ® 4 Foundation Certification
        ,price$0.00

            Excel NAPLAN*-style Numeracy Tests Year 5
        ,price$12.00

            (ISC)2 CCSP Certified Cloud Security Professional Official Study Guide: 2nd Edition
        ,price$0.00

            Excel NAPLAN*-style Numeracy Tests Year 2
        ,price$16.28

            Flash Cards: Sight Words
        ,price$12.40

            Excel Opportunity Class Mathematics Tests Years 3-4
        ,price$15.37

            AWS Certified Solutions Architect Study Guide: Associate SAA-C02 Exam (Aws Certified Solutions Architect Official: Associate Exam)
        ,price$50.56

            ICAS Past Papers with Answers - Grade / Year 2 (Introductory Paper) Full Set
        ,price$25.00

            Excel NAPLAN*-style Literacy Tests Year 2
        ,price$17.95

            How to Win at College: Simple Rules for Success from Star Students
        ,price$27.26

            Learn Korean – The Language Workbook for Beginners: An Easy| Step-by-Step Study Book and Writing Practice Guide for Learning How to Read| Write| and ... the Hangul Alphabet (with FlashCard Pages): 1
        ,price$29.96

            Academic Vocabulary in Use Edition with Answers
        ,price$44.95

            Abstract Reasoning Tests
        ,price$20.75

            Saunders Comprehensive Review for the NCLEX-RN® Examination
        ,price$80.75

            Excel General Ability Tests Year 4
        ,price$15.37

            Excel Selective Schools and Scholarship General Ability Tests Years 5-6
        ,price$16.95

            Humble Math - 100 Days of Timed Tests: Multiplication: Grades 3-5| Math Drills| Digits 0-12| Reproducible Practice Problems: Multiplication: Ages ... Digits 0-12| Reproducible Practice Problems
        ,price$9.99

            1001 English Expressions and Phrases: Common Sentences and Dialogues Used by Native English Speakers in Real-Life Situations: 4
        ,price$21.99

            Excel NAPLAN*-style Tests Year 7
        ,price$16.00

            Business English Vocabulary Builder: Idioms| Phrases| and Expressions in American English: 4
        ,price$20.89

            Advanced English Conversation Dialogues: Speak English Like a Native Speaker with Common Idioms and Phrases in American English
        ,price$18.69

            English Grammar in Use Book with Answers: A Self-study Reference and Practice Book for Intermediate Learners of English
        ,price$33.45

            (ISC)2 CISSP Certified Information Systems Security Professional Official Study Guide & Practice Tests Bundle
        ,price$92.90

            Make It Stick: The Science of Successful Learning
        ,price$0.00

            Excel NAPLAN*-style Numeracy Tests Year 2
        ,price$16.28

            Excel NAPLAN*-style Literacy Tests Year 3
        ,price$12.00

            Excel NAPLAN*-style Literacy Tests Year 2
        ,price$17.95

            Excel Opportunity Class Tests Skills and Strategies Years 3-4
        ,price$15.37

            Excel NAPLAN*-style Tests Year 2
        ,price$22.35

            Excel NAPLAN*-style Numeracy Tests Year 5
        ,price$12.00

            Excel Opportunity Class Mathematics Tests Years 3-4
        ,price$15.37

            Excel NAPLAN*-style Tests Year 5
        ,price$16.00

            AWS Certified Solutions Architect Study Guide: Associate SAA-C02 Exam
        ,price$53.76

            Minecraft : The Top Simple Redstone
        ,price$7.20

            The Pocket Guide to the DSM-5-TR (TM) Diagnostic Exam
        ,price$90.96

            Head First Java| 3rd Edition: A Brain-Friendly Guide
        ,price$74.75

            McGraw Hill Vocabulary Grades 6-8| Third Edition
        ,price$17.25

            Princeton Review SAT Premium Prep| 2023: 9 Practice Tests + Review & Techniques + Online Tools
        ,price$62.56

            CISM Certified Information Security Manager Study Guide
        ,price$61.74

            330 Questions & Answers for PL-300 Microsoft Power BI Data Analyst Certification Exam
        ,price$8.90

            Microsoft Power BI Data Analyst Certification Guide: A comprehensive guide to becoming a confident and certified Power BI professional
        ,price$38.49

            Microsoft Power BI Data Analyst Certification Guide: A comprehensive guide to becoming a confident and certified Power BI professional
        ,price$61.99

            PMP Exam Prep 2022-2023: Complete and Up-to-Date Guide of Project Management Professionals to Pass the Exam!
        ,price$0.00

            The Security Culture Playbook: An Executive Guide To Reducing Risk and Developing Your Human Defense Layer
        ,price$31.47

            The CIPT Question Book: 100 Cross-Referenced Study Questions to Help You Prepare for the IAPP CIPT® Examination
        ,price$18.75

            Project Management: A Systems Approach to Planning| Scheduling| and Controlling
        ,price$112.80

            Netter's Anatomy Coloring Book
        ,price$28.75

            Anatomy Coloring Workbook| 4th Edition: An Easier and Better Way to Learn Anatomy
        ,price$25.39

            Biology Coloring Workbook| 2nd Edition: An Easier and Better Way to Learn Biology
        ,price$29.03

            Rubin's Pathology: Clinicopathologic Foundations of Medicine
        ,price$250.00

            Learning Japanese Kanji Practice Book Volume 1: (JLPT Level N5 & AP Exam) The Quick and Easy Way to Learn the Basic Japanese Kanji
        ,price$15.25

            Learning Japanese Kanji Practice Book Volume 2: (JLPT Level N4 & AP Exam) The Quick and Easy Way to Learn the Basic Japanese Kanji
        ,price$16.50

            Herbal Formularies for Health Professionals| Volume 5: Immunology| Orthopedics| and Otolaryngology| including Allergies| the Immune System| the ... and the Eyes| Ears| Nose| Mouth| and Throat
        ,price$61.75

            WORKBOOK For Principles for Dealing with the Changing World Order: Why Nations Succeed and Fail by Ray Dalio
        ,price$19.30

            A PhD Is Not Enough!: A Guide to Survival in Science
        ,price$16.59

            Reading Explorer 2
        ,price$68.76

            Korean From Zero! 1: Master the Korean Language and Hangul Writing System with Integrated Workbook and Online Course
        ,price$42.94

            The Personal MBA: Master the Art of Business
        ,price$0.00

            ICAS Past Papers with Answers - Grade / Year 2 (Introductory Paper) Full Set
        ,price$25.00

            Excel NAPLAN*-style Numeracy Tests Year 4
        ,price$17.95

            Advanced Grammar in Use with Answers: A Self-Study Reference and Practice Book for Advanced Learners of English
        ,price$46.95

            Medical Interviews - A Comprehensive Guide to CT| ST and Registrar Interview Skills (Third Edition): Over 120 Medical Interview Questions| Techniques| and NHS Topics Explained
        ,price$62.03

            CCNA 200-301 Official Cert Guide Library: Advance Your It Career with Hands-On Learning
        ,price$65.42

            English Vocabulary in Use: Advanced Book with Answers: Vocabulary Reference and Practice
        ,price$45.07

            Selective High School Placement Trial Exam Pack 1: New Style Practice Tests
        ,price$178.63

            Excel NAPLAN*-style Numeracy Tests Year 7
        ,price$12.00

            Excel Opportunity Class Tests Years 3-4
        ,price$15.37

            OET Nursing: Official Practice Book 1: For tests from 31 August 2019
        ,price$11.99

            CompTIA Security+ Study Guide: Exam SY0-601
        ,price$58.95
